Not_Follow_Back,Follow_Each_Other,Not_Your_Follow_Back
nasa,februaryinl0ve,quadritestingselenium
iqblaqil,fauznalfariz_,meorgps
engineeringacademy.id,deeeperrrr,ineunghr
m10_official,electrical20usk,aachmdx
najwashihab,aryasatriarezeki_,zahwa_ishak
jokowi,safiira_a,fizh.hanafi
alafasy,selasha__,khamdi_sunarjo
eugeniasiwi_,plnice_usk,irvan.355
herni.cut,ichanul_farissa1125,extention_13
insaf_pudin,silviaraudha,ida_yatulfitri
dagelan,sitikhadijah_ji,nandarosnit
mosalah,mhmd_gheefary,sri_yunita87
forgoodcode,ry_maulna,estt_2403
hanan_attaki,jurejalhamdi,cahyorandi
tvonenews,maulianaandi123,husnatul_hamzah
erickthohir,putricut__,kggvsjs
mastercorbuzier,haikalpb,riski6101
fiersabesari,asjulkhairi_,nazila_hartika
salimafillah,mhdbmorwii,mur_rahmah
asumsico,aluhsiregar_0,cantikabellaramadhani
haikalhassan_quote,rizkyasri27,anostuclass__
khalidbasalamahofficial,mhdfarhan999,mirantiitaufik12
aniesbaswedan,ahyarhrp_,rdhmunira__
buyayahya_albahjah,rico_gustinandaa,mhmmdhaykl_
memekamvret,bintang__.19,ratusskalstri__
tempodotco,zoel_003,ghifiqbal
sherlyannavita,liasntk_,noir_kurokiba
fuadhnaim,muh_fikriaulia,trirahman1302
__theinsidescoop,dy_khalid,bondan_zx
ahmad_alnufais,teuku_m._alfi_husni,fachriina
aagym,al.mutia_22,ayis.adam
therealfatih,irfanwhyda,rizkyaluci
felixsiauw,fathiya_nabilaa,pyiii_keearr
ussfeeds,ariefdhil,fadyanirmala
nussaofficial,angelina_ainal,aqnes_paradilla17
folkative,mhdiqbal081_,gustiidris
fyifact,aishadillapjt,bebanbosku2022
taqymaliknew,arifryanda_,ainayyasalsabila_
m.rasyid94,mhdhakkan,novitadeska.z
syafiqrizabasalamah_official,arifasril11,ramadhankamalaputra20
codechips,adhmalfian_,hadi_albar
ridwankamil,iashabulyamin,hadi_albar
teukuwisnu,ilhm_syhptra,nasrulhuda_25
cnnindonesia,fathurr.rahmannn,viafununilkhoiriyah
husein_hadar,muhammad_akbaarrr,zahratuladami
backto_muslimidentity,devrirnd,irmanulem
oemar_mita,teukumisbah_,herbal_tiens_terhebat
infia_techno,ferry.andrian_,warung.koreaaaa213
taqy_malik,boyysultann_,ferdiansyah039
fatihkarim,wulidalhuda.m,mrfrahman
infia_fact,abifarhnn,mkhairulfr
dr.tirta,muhammad20mf,_muhammadulia
mostafaatef,diraams_,stslw.aa__
engineeringprinciples,syahrul4246,kusumabandanaira
baraa_masoud,hayaa_ebd,nuroel.izaa14
tretanmuslim,edisatria,bb.collecti0n_
muslimunited.official,eggidwharvian,dion_pp99
tahilalats,jabarii28_,admilin_
anakteknikindo,putrijumaulidbalqis,rakan_tarmizi.sp
deryanshaa,taufik.evendi.9,alhenasck
bangonim,bakriii.lg,zahrul.f
adihidayatofficial,_yyudi,liontin.herbal
mahajir.s_surja,nuryamuftiana,arifponsel_teunom
arafahrianti,_mhfzan,nuraini_refni
boim97,galhps,syarif5ashima26
muzammilhb,chanyeoul_12,saida_putri_meutia
pintaar101,kanzaki_ahul7,nurimnjj
physicsfun,bayuapriliawan19,__abng12
sanjuyoksa,oki_farhansyah,uul177
narasinewsroom,rahmatmoul,h2rs_harki
hammudehhh,liakartika22,5_dimension_
artsciephile,hafasfurqan,nobu_takoyaki
bahanan93,darwiin.05,isar_kausar
infobandaaceh,rdh_fachrian,bymulis
fathuurr_,faiq_rzqh,hilwaa_store18
putrakhblin_,ynovitavia,unikbanget99
ctd.insider,wandaputrri,rajab.hafiz
gen.saladin,rozatulnamira,konsultan.ruangguru
cutdinaafriana,syaidatul_khairia,ababail_
mardiguwp,fauzan_rinaldi27,de_putraga
fisika.qna,aneelviajakfar,braziikowazzz
muhammad_vickry27,muhammadzairyf,fruitydoft
narasi.tv,syariul_wasaap,yulimusidar_
rmdn_asmar,rodhtulll,shasha_coway_hq
wardahmaulina_,teukukhalifahalrifqi_,ersajuarsa90
kampusmerdeka.ri,muhibuntabri,noraa7522
gdscusk,nr.wslah_,feraamrwt_
pln_id,restidwiaissiyah,baginda_abdurrahman
kokbisa,shdqfa,galactic_uchia
hijrahgilrs_,anggijayana_02,oom_store04.acehbarat
denaahaura,hrziethariqq,bimbel_alc
yukngajiid,nonanda,hp_murah_meulaboh
ngumpulreceh,muhammadfajarassiddiq03,afdhol_muslimart
hawaariyyun,diniluqaili,skipperflyco
makassar_iinfo,iqbalsyafalefi,iznijal
math.qna,sofhiyaramona,yani_rahmat15
bilal_qori,mhmdzkki,ravanfsd_
muhammad.faizar,fajarashiddiqi,therainbowsport
hilmi28,aullianf3,komunitasbam_bandaaceh
fuadbakh,shaquillerizki,specialistugas
moodreceh.id,khrn.i,pasangan_romantis_kali
greenpeaceid,dessyftr__,gratiazzzbbyyy
iqomic,syifaasalwadhitaa,cekwan75
xeronav,izzayey,mhmmdhaykl_
polyrobocom,ihsanrahmatillah__,tarmanfitnesbaru
magangmerdeka,reyzaameliaa,kartikasalsa_billa15
si.itek,tryasraprilioo,habblyra_
felix.siauw,delfiramadhann,jaiklink
ammarchannel,yang_bsky,wibafest
nasawebb,rdhtlkhairi,science_one_wb
norfankhalil,allanjuliansyah,zulfahmi682
irwandiferry,jepriadi0,haykal_12345
orangsiber,jihannalifa,ozziieeeeee
faridmaivie,tutianrvd_22,heru_rahmadi_jr
programmer.me,miraaawd,cempalafc
sherel_thalib,saifaskar_,arifriyanda
dicoding,anandamoul_,shahibatuljannah_
codebasicshub,_mr.zuky73,sulaimanlaivie
thesunnah_path,suryadarma27,masamtea.id
data_science_school,zakiaamahira,ipanmaulnaa
natta_reza,rajaihya_,auliafirnanda897
digitalent.kominfo,janashadara_,albinaviola03
ridhozovavic02,ariqfary,dustur_10
dsalainti,ayulstarii1,ryonhafidz.alwi
haba_acehbarat,muadzzmnhr,kak_nuriah
spacerocket_id,wntiamanda,ptrmmaulida
seulangateam,nurulaqhiyar,dodisaputra348
eno_bening,rassyaacaa,_adamusyatulbaroqah_
raihaan_frs,_derliandika,muslim.membaca
pnmediaid,naurakhairani_,kemalfarsa
rickyramaadhan,gibranalthariq,alrifqi_115
melfanza,auliatulmunawarah,narasiku_mz
firanda_andirja_official,rzaarrsydd,nova_khairany
raymondchins,cutpopo,fr.aisyah
afrie.bz,llhamramadhann,rahmisyarifah
sains_asyik,althaf.muhammad,andriansaputra3
dea.afrizal,ipaanmaulanaa,ryan_jovanka12
nasiangkasa,bondans__,tzramadhanthi
univ_syiahkuala,ruwaidayantitaufik,asfidarni07
kroengusk,ramadhankamala,freefire.indbg
codingasik,kemalfrsya,_cyintia_
dtech.engineering,alexandrnur29,iqbalf06
a.ffaaii,fiqratun,akbar_krnwn08
myodauz,teukumexiewood,ayyyy_luvyu
fajrulfx,muammarrapael,rahmad_musba_45
qaricommunity,shavinatun_husna,amell_galeri
mono_mars,hafiz.alfarizi_,rizkyysaputra46
zmzrr_,churinmaqshurah,kism897
wavevoxo,putriinrkhalizaa_,alpha_mit
ainunnajib.id,cutnyaknajwa,nba.feva
mufida_zuhra,sabilaafdhal,weoeeet
plnaceh,ufairanisa_munar,saula_kumita96
komikanu,verayulianapitupulu,putriasma19
creativeblok,teuku.addil_4,kimxxvy
king_shifrun,masdarmaulanaa,riyanda_fr
inspecthistory,salwahafifahsrg,mir_platew_otzivi
muhammad.iqbal.18,ptriaudiniii,harmonicel430
fuaditrockz,farhanalftrh,allah_isalwayswithus
wisnuprakoss,damanikyusuf4,ewy_madyani
aqramhafizh,daratariliani,narutopepe
seulawah_team,styraihan,bandalleros
komikharian_,ar_nanda20,serbaislami_
sandhikagalih,habibalghifari2,alfansyah_10
saddamsyaikh,mairaa.maii_,imar_dhiyah
kemves_official,rajaahlulqausar,ciboelmaiia
himatektro_usk,qadriramadhana,bby_xmarr
indrawannugroho,mhdojannn,zealous.custom
gandhimhd,cut_nanda56,ramazansyahril
codepolitan,ciciroviza95,m.nandamaulidi
sman4_wirabangsa,yasin_irawan,musafir_indonesia
faktaislami.id,agamsuharbillah,ovalm_aww
bem_usk,putrkamal,alpifadil
willywinarko,virgo_snpr,leviyeager93
arduino.cc,abirrrrrf,tanfizamufti
bukuteknik.id,nadiasafiiraa__,cutwinadelviani
hafizrcti,fairaukhra,syintadwiy
lemonmove,mhdsefa_,ichwanulfarissa
budiashariofficial,annisarahmafathia,literasibuku
unexplnd,mohfajri1,maulidi5505
elektrousk18,ysalfizar,ovalmiandra7782
cordova.media,ovalmiandra00,raja_fiqran_27
pln_puslitbang,teukuriandiferia,wati.rahma92
zulfanafdhilla,rahmadkhanafi_,akang_rasyid.666
pythonusant,m.liuzady_av,muammar_binos
komiklokalindonesia,ayuuaff_,budi_mulyanto94
physibles,ziahputrii,ilhamirahmat
programmermemes__,cutnanda.nm,zsaceh
hmif_usk,ryanjovankaa,salwanasyah
hujantandatanya,cutfenny_,nurnur3248
dunia.programmer,abdlnabil,widipips
mami.21__home____,ghina_inayati,jasaa_store
kli.review,apkarrr,herbal_tiens_terhebat
justsvblime,putriwirdamurni,annisa_rahma_fathia
hareth_alargali,rossafriza,oja_016
syakirdaulay,mirantiitaufik,mustaqim_clothes
kotakode,dindamellia__,arollaceh_aroll
bemftusk,mensyaapriliaa,lalonasofyana
sllohe992,shiba_iia,kenzo5163
hadirinhan,sfghinadillaafifa_,wandi_pendaftaran_paytren
awancomics,fur_qn,feby.annisa.923
osiswiba,mushadiqq,muhammadfazil49
lamurirobotics.usk,muhammad_rizkyyii,mimimaulanamimimaulana
kecerdasanartifisial.id,desrayuliarahmi,arisma_puliawati42
historymemes_nusantara,syifaurrahmi_,fitri_yenni.fitri
billykur,rddle_04,safrizalnelli
qonuun,hafizahjannah,katyalejandra200078
qurma.studio,nofalwm,bgkino
rakhsannn,naddiyarahma,shullick2016
teknowlogi,sitiinrjnh__,khayut19
alfatihart,slsabila8,jie_riea
sumberinformatika,depicing,vierradede_putriiminaachi
engineers_asgard,teori_sederhana76,iqbalpdk989
syajaroh_,_septiarahmatika,quotesdigital.indo
istgfr.id,mohdfirmann,btrxmontea
kri2022.its,anawwawi,uelmuzz
ustadzabdulsomad_official,xjvnaa__,dr_tinggibadan_kh
osmanlimedia,rifqahfebriani,ferifadlydll
hipotesamedia,sylmdanr,lemrustam
saintifcom,fadhilamulya,pokecoins_now_dxkimv
_dmmasa,_nataasyaaaa,edt.parker
ripaajpreal,sitirhmaalh_,tukarbarang
mimialyaa__,mifthahul_fiqri,tukarbarang
catatansarjana,_maqrufyunza,mukenanya_murah
ariefdhilah,putriirdautami,rahayu2113
 ,ghalizashafura_,citramuslima
 ,masrolaidy_darsa,mulianianuar
 ,ilhmynldi,spirulinaaceh_
 ,citrahuwaina,benjamink.shively
 ,ptrmmaulidaa_,rully_mighty_cloting_
 ,ikram.muttaqin,freegift_psn
 ,nizamalbar_1,armanatel
 ,ihsanoul_aimar,m.fikrialfares
 ,amal_jd12,faustine.simonin1000
 ,_dindadiva,happy_neldy
 ,sayedaqil,muhammadedymilzani
 ,afiqalzamsykrn,cloudless_co25
 ,muhammadrizafahlevi__,m.shakhaeva
 ,leozoldyck_,irvan.suriadi.7
 ,yuribatubaraa,magloire908
 ,apiiiiinnnnn,sry_marketing_paytren
 ,pocutsetiariska,paket_dataaa
 ,fikriaqilll,malfatih666
 ,nurutariii,animeisthelife12
 ,resti_dwiaissiyah,ushulfakhri
 ,ap_arifponsel,nusha_herbalstore
 ,saidrizki_,waroenkpokemongo
 ,_mhd.iqbal.maulana_,vianna_minaachi_mimoy
 ,liasyaliys__,maqruf_yunza_habibi
 ,realkarsa,netaibra
 ,faniayundaptr,beesnestbakeryhomemade
 ,ilhamalot,mrqanony0
 ,david_triansaf,sintiaa_ia
 ,dvarmnd,adnansayyed92928
 ,mhmd_ali_mrtdha, 
 ,zamzamcasual, 
 ,faz_zra, 
 ,nana_nazha1, 
 ,vishal_nolastname, 
 ,govinda.gts, 
 ,slviaraudha, 
 ,officialfinger_, 
 ,siti_khadijah2211, 
 ,alfathyouth, 
 ,rey__maulana, 
 ,muhamfajri02, 
 ,rdhfchri, 
 ,bumiandhira, 
 ,nurizatul_29, 
 ,bg_dharma_03, 
 ,mhmmdhaykl, 
 ,ff_ngga.24, 
 ,selashadiqah, 
 ,davidtriansaf23_, 
 ,septiarahmatika_, 
 ,dessyftrn__, 
 ,davidtriansaf8, 
 ,rdhmunira, 
